StudentID,Name,Gender,StudyHours,Attendance,TOC,DS,Python,Scala,OS
1,Aarav Sharma,Male,5,82,72,78,81,85,76
2,Ananya Patil,Female,7,91,88,92,90,94,87
3,Rohan Mehta,Male,3,68,61,65,70,64,59
4,Isha Shah,Female,6,87,82,85,88,91,84
5,Vivaan Joshi,Male,4,76,72,74,77,79,71
6,Diya Kulkarni,Female,8,95,94,91,96,97,93
7,Arjun Nair,Male,2,61,55,58,62,57,53
8,Meera Desai,Female,6,89,85,88,91,93,86
9,Kabir Singh,Male,5,79,76,78,80,82,74
10,Saanvi Rao,Female,7,93,91,94,92,96,90
11,Riya Kapoor,Female,4,74,69,73,78,75,70
12,Aditya Verma,Male,6,85,83,86,88,84,81
13,Neel Joshi,Male,3,71,67,70,74,72,66
14,Anika Shah,Female,8,96,95,94,97,98,92
15,Kunal Mehta,Male,5,81,78,80,83,85,77
16,Priya Nair,Female,7,90,88,91,94,92,89
17,Rahul Desai,Male,2,64,58,62,65,61,57
18,Tanvi Rao,Female,6,88,84,87,90,92,86
19,Dev Patel,Male,4,77,73,76,79,81,72
20,Myra Singh,Female,5,83,80,82,85,87,79
21,Ritvik Sharma,Male,3,69,63,67,71,68,61
22,Nisha Patil,Female,6,86,82,85,89,91,84
23,Om Mehta,Male,4,73,70,72,75,77,69
24,Kavya Shah,Female,7,92,89,93,95,94,91
25,Yash Joshi,Male,5,80,76,79,82,84,75
26,Shreya Kulkarni,Female,8,97,96,95,98,99,94
27,Manav Nair,Male,3,67,60,65,69,66,62
28,Aditi Desai,Female,5,84,81,83,86,88,80
29,Raj Singh,Male,6,87,85,84,89,91,83
30,Kiara Rao,Female,7,94,92,95,96,97,91
31,Harsh Kapoor,Male,4,75,71,74,78,80,73
32,Simran Verma,Female,6,89,86,88,91,93,85
33,Akash Joshi,Male,2,60,54,57,61,59,52
34,Neha Shah,Female,5,82,79,81,84,86,78
35,Varun Mehta,Male,4,78,74,77,80,82,75
36,Pooja Nair,Female,7,91,89,92,94,96,90
37,Siddharth Rao,Male,5,84,81,83,86,88,80
38,Avni Patil,Female,6,88,85,87,90,92,86
39,Ayush Sharma,Male,3,70,65,68,72,70,63
40,Manya Desai,Female,8,98,97,96,99,98,95
41,Parth Singh,Male,4,76,72,75,79,81,73
42,Radhika Kapoor,Female,6,85,82,84,88,90,83
43,Nakul Verma,Male,5,81,77,80,84,86,78
44,Palak Joshi,Female,7,93,90,94,96,95,92
45,Devansh Nair,Male,3,66,59,63,68,65,60
46,Anushka Shah,Female,5,86,83,85,88,90,82
47,Mohit Rao,Male,4,74,68,72,76,79,70
48,Sanika Patil,Female,7,95,93,96,97,98,92
49,Reyansh Mehta,Male,6,88,84,87,91,93,85
50,Ira Kulkarni,Female,8,97,96,98,99,100,95